Common Name,Botanical Name,Family,Active Phytochemical,SMILES,Ancient Symbols,Claim Transliteration,Papyrus Source,Ancient Claim,Modern Use,Protein Target,PDB ID
Castor Oil Plant,Ricinus communis,Euphorbiaceae,Ricinoleic Acid,CCCCCC(O)C/C=C/CCCCCCCC(=O)O,𓊪𓄡𓂋𓏏𓏺𓈖𓏏𓂧𓂋𓀜𓅓𓂋𓅱𓏏𓅪𓅓𓄡𓏏𓏺𓈖𓏏𓊃𓀀,pẖrt nt dr mrwt m ẖt nt s,Ebers Papyrus (Recipe 251),To drive out illness in the belly of a man...,Laxative and skin treatments,Prostaglandin EP3 Receptor,6AK3
Garlic,Allium sativum,Amaryllidaceae,Allicin,O=S(SC/C=C)C/C=C,𓊪𓄡𓂋𓏏𓏺𓈖𓏏𓃹𓃀𓄿𓉿𓂋𓏏𓂤𓂋𓂧𓂋𓀜𓎛𓆑𓄿𓏏𓆙,pẖrt nt wbꜣ mt r dr ḥfꜣt,Ebers Papyrus (Recipe 432),"To clear the heart, open the arteries, and expel worms.",Cardiovascular health,HMG-CoA Reductase,1HW9
Frankincense,Boswellia carterii,Burseraceae,Boswellic Acid,CC1CCC2(CCC3(C(C2C1)C(=O)C=C4C3(CCC(C4(C)C)O)C)C)C(=O)O,𓊪𓄡𓂋𓏏𓏺𓈖𓏏𓅱𓏏𓍕𓅱𓃀𓈖𓅱𓐎,pẖrt nt wt wbnw,Edwin Smith Papyrus,Used in salves for binding open wounds.,Anti-inflammatory,5-Lipoxygenase (5-LOX),3O8Y
Myrrh,Commiphora myrrha,Burseraceae,Guggulsterone,CC12CCC3C(CCC4=CC(=O)CCC34C)C1CCC2=CC,𓊪𓄡𓂋𓏏𓏺𓈖𓏏𓋴𓂋𓅱𓐍𓐎𓅱𓃀𓈖𓅱𓐎,pẖrt nt srwḫ wbnw,Hearst Medical Papyrus,For the treatment of infected wounds and anointing.,Antimicrobial,Farnesoid X Receptor (FXR),3DCT
Pomegranate,Punica granatum,Lythraceae,Ellagic Acid,O=C1OC2=C(O)C(O)=CC3=C2C4=C1C=C(O)C(O)=C4C(=O)O3,𓂋𓂧𓂋𓀜𓎛𓆑𓄿𓏏𓆙𓅓𓄡𓏏𓏺,r dr ḥfꜣt m ẖt,Ebers Papyrus (Recipe 63),To drive out the 'hefat' worm from the belly.,Anthelmintic,Protein Kinase CK2,2ZJW
Coriander,Coriandrum sativum,Apiaceae,Linalool,CC(=CCCC(C)(C=C)O)C,𓊪𓄡𓂋𓏏𓏺𓈖𓏏𓋴𓈎𓃀𓃀𓏁𓂤𓏥,pẖrt nt sqbb mt,Ebers Papyrus,To cool the vessels and relieve pain in the abdomen.,Digestive aid,GABA-A Receptor,6D6U
Blue Lotus,Nymphaea caerulea,Nymphaeaceae,Apomorphine,CN1CCC2=CC=CC3=C2C1CC4=C3C(=C(C=C4)O)O,𓂋𓋴𓊵𓏏𓊪𓄣𓏤𓂧𓂋𓀜𓅱𓐍𓂧𓅱𓐎,r sḥtp jb dr wḫdw,Turin Papyrus,"For euphoria, spiritual opening, and pain relief.",Dopamine agonist,Dopamine D2 Receptor,6CM4
Aloe Vera,Aloe barbadensis,Asphodelaceae,Aloin,O=C1C2=C(C=C(O)C=C2)C(=O)C3=C1C(C4OC(CO)C(O)C(O)C4O)C(C)=CC3=O,𓊪𓄡𓂋𓏏𓏺𓈖𓏏𓅱𓏏𓍕𓋴𓂋𓆑𓊮,pẖrt nt wt srf,Ebers Papyrus,"To heal burns, skin diseases, and embalming.",Topical burn treatment,Matrix Metalloproteinase-9 (MMP-9),1L6J
Senna,Senna alexandrina,Fabaceae,Sennoside A,O=C1C2=C(C(=O)C3=C1C=CC(=C3)C4=CC=C5C(=C4)C(=O)C6=C(C5=O)C=C(O)C=C6)C=C(O)C=C2,𓊪𓄡𓂋𓏏𓏺𓈖𓏏𓅱𓋴𓐍𓏏𓂷𓄡𓏏𓏺,pẖrt nt wsẖt ẖt,Carlsberg Papyrus,To unbind the bowels and expel sickness.,Stimulant laxative,P-glycoprotein,6QEX
Willow,Salix subserrata,Salicaceae,Salicin,O=C(CO)C1=CC=CC=C1OC2OC(CO)C(O)C(O)C2O,𓂋𓂧𓂋𓀜𓋴𓂋𓆑𓊮𓅓𓈎𓋴𓄹,r dr srf m qs,Ebers Papyrus (Recipe 763),To draw out the heat and soothe aching bones.,Precursor to Aspirin,Cyclooxygenase-1 (COX-1),1EQG
Opium Poppy,Papaver somniferum,Papaveraceae,Morphine,CN1CCC23C4C1CC5=C2C(=C(O)C=C5)OC3C(O)C=C4,𓂋𓋴𓈙𓂋𓀜𓅱𓐍𓂧𓅱𓐎𓂋𓅱𓂻𓂋𓅓𓏏𓁿𓈗,r sšr wḫdw rwj rmjt,Ebers Papyrus,To soothe the crying of a child and dull the pain.,Analgesic,mu-Opioid Receptor,5C1M
Juniper,Juniperus communis,Cupressaceae,Pinene,CC1=CCC(CC1)C(=C)C,𓊪𓄡𓂋𓏏𓏺𓈖𓏏𓂧𓂋𓀜𓈙𓊪𓋴𓅱𓐎𓏥,pẖrt nt dr špsw,Kahun Gynecological Papyrus,For the treatment of urinary ailments.,Diuretic and antiseptic,Acetylcholinesterase (AChE),4EY7
Henna,Lawsonia inermis,Lythraceae,Lawsone,O=C1C=C(O)C2=C(C=O)C=CC=C2C1=O,𓂋𓏏𓅱𓂋𓈗𓆯𓅓𓋴𓂋𓅱𓐍𓐎𓅱𓃀𓈖𓅱𓐎,r twr jnm srwḫ wbnw,General medicinal usage,For the healing of wounds and the cleansing of the skin.,Antifungal,Tyrosinase,5I38
Cumin,Cuminum cyminum,Apiaceae,Cuminaldehyde,CC(C)C1=CC=C(C=O)C=C1,𓂋𓋴𓊵𓏏𓊪𓄡𓏏𓏺𓂧𓂋𓀜𓋴𓂋𓆑𓊮,r sḥtp ẖt dr srf,Ebers Papyrus,To disperse the heat of the joints and calm the belly.,Digestive stimulant,Alpha-glucosidase,3W37
Safflower,Carthamus tinctorius,Asteraceae,Carthamin,O=C1C(=C(O)C=C(O)C1=O)C2=CC=C(O)C=C2,𓊪𓄡𓂋𓏏𓏺𓈖𓏏𓂧𓅓𓏏𓌗𓋴𓂋𓈎𓏏𓆢,pẖrt nt dmt srqt,Tomb of Tutankhamun,"Used for dyes, wound healing, and scorpion bites.",Wound healing,VEGF Receptor 2,4ASD
Date Palm,Phoenix dactylifera,Arecaceae,Rutin,CC1OC(OC2C(O)C(O)C(O)OC2OC3=C(O)C=C4C(=C3)OC(=CC4=O)C5=CC(=C(O)C=C5)O)C(O)C(O)C1O,𓂋𓋴𓈖𓆓𓅓𓇛𓏤𓊪𓄡𓂋𓏏𓏺,r snḏm pẖrt,Ebers Papyrus (Recipe 852),To sweeten medicines and provide strength.,Antioxidant,Aldose Reductase,1US0
Sycamore Fig,Ficus sycomorus,Moraceae,Psoralen,O=C1C=CC2=CC3=C(C=CO3)C=C2O1,𓊪𓄡𓂋𓏏𓏺𓈖𓏏𓂧𓂋𓀜𓎡𓄿𓎡𓏏𓐎𓅓𓆯,pẖrt nt dr kꜣkt m jnm,Ebers Papyrus,To cure the skin of spots and lesions.,Treatment for skin disorders,DNA Crosslink Target,127D
Acacia,Acacia nilotica,Fabaceae,Tannic Acid,O=C(OC1=CC(=CC(=C1O)O)C(=O)OC2=CC(=CC(=C2O)O)C(=O)O)C3=CC(=CC(=C3O)O)O,𓊪𓄡𓂋𓏏𓏺𓈖𓏏𓎛𓊪𓏭𓂻𓋴𓈖𓆑𓂧,pẖrt nt ḥpj snf,Ebers Papyrus,To treat bleeding and bind open wounds.,Astringent,Alpha-Thrombin,1PPB
Thyme,Thymus vulgaris,Lamiaceae,Thymol,CC1=CC(=C(C=C1)C(C)C)O,𓂋𓂧𓂋𓀜𓊡𓅱𓈖𓅓𓅱𓏏𓅐,r dr ṯꜣw n mwt,Ebers Papyrus,To expel the breath of death (infections).,Antimicrobial,GABA-A Receptor,6D6U
Fenugreek,Trigonella foenum-graecum,Fabaceae,Diosgenin,CC1CCC2(C(C3C(O)CC4C3(CCC(C4)O)C)CC1)OC2,𓊪𓄡𓂋𓏏𓏺𓈖𓏏𓅱𓏏𓍕𓋴𓂋𓆑𓊮𓂋𓋴𓆑𓂋𓄡𓏏𓏺,pẖrt nt wt srf r snfr ẖt,Ebers Papyrus,"To induce labor, soothe burns, and aid digestion.",Hormonal regulation,Estrogen Receptor Alpha,1ERE
Onion,Allium cepa,Amaryllidaceae,Quercetin,O=C1C(=C(O)C=C(O)C1=O)C2=CC(=C(O)C=C2)O,𓂋𓋴𓈎𓃀𓃀𓏁𓄣𓏤𓂧𓂋𓀜𓉔𓅱𓄿𓅱𓐎,r sqbb jb dr hwꜣw,Ebers Papyrus (Recipe 143),To cool the heart and prevent decay.,Antioxidant,Phosphoinositide 3-kinase (PI3K),1E7V
Mandrake,Mandragora officinarum,Solanaceae,Scopolamine,CN1C2CCC1CC(C2)OC(=O)C(CO)C3=CC=CC=C3,𓂋𓋴𓆓𓂋𓁀𓅓𓈎𓂧𓁀,r sḏr m qed,Ebers Papyrus (Recipe 281),To induce deep sleep and numb the flesh.,Anesthetic,Muscarinic M1 Receptor,5CXV
Cannabis,Cannabis sativa,Cannabaceae,Cannabidiol,CCCCCC1=CC(=C(C(=C1)O)C2C=C(C)CCC2C(=C)C)O,𓊪𓄡𓂋𓏏𓏺𓈖𓏏𓋴𓈎𓃀𓃀𓏁𓂤𓏥𓈖𓁹𓁹,pẖrt nt sqbb mt n jrty,Ebers Papyrus (Recipe 821),To cool the vessels of the eye and reduce pain.,Anti-inflammatory,Cannabinoid Receptor 1 (CB1),5XRA
Cinnamon,Cinnamomum zeylanicum,Lauraceae,Cinnamaldehyde,O=CC=Cc1ccccc1,𓂋𓋴𓈖𓆓𓅓𓇛𓏤𓂋𓏺,r snḏm rʾ,Ebers Papyrus,To freshen breath and soothe the chest.,Antimicrobial,Bacterial DNA Gyrase,1KZN
Peppermint,Mentha piperita,Lamiaceae,Menthol,CC1CCC(C(C1)O)C(C)C,𓂋𓋴𓄤𓆑𓂋𓄡𓏏𓏺,r snfr ẖt,Ebers Papyrus,To soothe the stomach and sweeten the breath.,Digestive and analgesic,TRPM8 (Cold Receptor),6O9C
Licorice,Glycyrrhiza glabra,Fabaceae,Glycyrrhetinic Acid,CC1(C)C2CCC3(C)C(C(=O)C=C4C5C(C)(C)C(O)CCC5(C)CCC43C)C2(C)CC1=O,𓂋𓂧𓂋𓀜𓋴𓂋𓇋𓇋𓏏𓊡,r dr sryt,Ebers Papyrus,To clear the lungs and throat.,Expectorant,11-beta-HSD2,2BEL
Cedar,Cedrus libani,Pinaceae,Cedrol,CC1(C)C2CCC3(C)C1C(O)(C)CCC23,𓂋𓏏𓅱𓂋𓈗𓆯𓎛𓂝𓄹𓏥,r twr ḥꜥw,Edwin Smith Papyrus,"For embalming, preservation, and cleansing.",Antimicrobial,GABA-A Receptor,6D6U
Saffron,Crocus sativus,Iridaceae,Safranal,CC1=C(C=CC(C1)(C)C)C=O,𓊪𓄡𓂋𓏏𓏺𓈖𓏏𓈞𓏏,pẖrt nt ḥmt,Ebers Papyrus,For women's ailments and internal pain.,Antioxidant,Acetylcholinesterase (AChE),4EY7
Almond,Prunus dulcis,Rosaceae,Benzaldehyde,O=Cc1ccccc1,𓂋𓋴𓈖𓆓𓅓𓇛𓏤𓆯,r snḏm jnm,Ebers Papyrus,To nourish and soothe the skin.,Emollient,Tyrosinase,5I38
Tamarisk,Tamarix aphylla,Tamaricaceae,Tamarixetin,COc1cc(O)c2c(c1)oc(cc2=O)c3ccc(O)cc3,𓂋𓋴𓈎𓃀𓃀𓏁𓋴𓂋𓆑𓊮,r sqbb srf,Ebers Papyrus,To expel fever and heal sores.,Wound healing,Matrix Metalloproteinase-9 (MMP-9),1L6J
Olive,Olea europaea,Oleaceae,Hydroxytyrosol,Oc1ccc(CCO)cc1O,𓊪𓄡𓂋𓏏𓏺𓈖𓏏𓅱𓏏𓍕𓂝𓅱𓏏𓄹𓏥,pẖrt nt wt ꜥwt,Ebers Papyrus,To soften the limbs and bind wounds.,Cardiovascular health,Monoamine Oxidase B (MAO-B),2V5Z
Dill,Anethum graveolens,Apiaceae,Carvone,CC1=CC(=O)C(CC1)C(=C)C,𓂋𓂧𓂋𓀜𓅱𓐍𓂧𓅱𓐎𓅓𓁶𓏤,r dr wḫdw m tp,Ebers Papyrus,To relieve pain of the head and stomach.,Antispasmodic,GABA-A Receptor,6D6U
Watermelon,Citrullus lanatus,Cucurbitaceae,Citrulline,NC(CCCNC(=O)N)C(=O)O,𓂋𓋴𓈎𓃀𓃀𓏁𓄡𓏏𓏺,r sqbb ẖt,Ebers Papyrus,To promote urine and cool the body.,Diuretic,Nitric Oxide Synthase (eNOS),3NOS
Chaste Tree,Vitex agnus-castus,Lamiaceae,Vitexin,Oc1cc(O)c2c(c1)oc(cc2=O)c3ccc(O)cc3C4OC(CO)C(O)C(O)C4O,𓊪𓄡𓂋𓏏𓏺𓈖𓏏𓇋𓂧𓏏𓄹,pẖrt nt jdt,Kahun Gynecological Papyrus,For ailments of the womb.,Hormone regulation,Estrogen Receptor Beta,1QKM
Carob,Ceratonia siliqua,Fabaceae,Gallic Acid,OC(=O)c1cc(O)c(O)c(O)c1,𓂋𓂧𓂋𓀜𓎛𓆑𓄿𓏏𓆙,r dr ḥfꜣt,Ebers Papyrus,To expel worms and regulate bowels.,Digestive aid,Carbonic Anhydrase II,1CA2
Barley,Hordeum vulgare,Poaceae,Hordenine,CN(C)CCc1ccc(O)cc1,𓂋𓂋𓐍𓏛𓇋𓅱𓂋𓁑,r rḫ jwr,Ebers Papyrus,To test for pregnancy and nourish the weak.,Nutritional support,Beta-2 Adrenergic Receptor,3NY8
Papyrus,Cyperus papyrus,Cyperaceae,Cyperone,CC1=CC(=O)C2(C)C1CC=C2C(C)=C,𓂋𓋴𓈙𓂋𓀜𓅱𓃀𓈖𓅱𓐎,r sšr wbnw,Edwin Smith Papyrus,To widen wounds and absorb moisture.,Hemostatic,Cyclooxygenase-1 (COX-1),1EQG
White Lotus,Nymphaea lotus,Nymphaeaceae,Nuciferine,COc1ccc2c(c1OC)C3Cc4ccc(OC)cc4N(C)C3CC2,𓂋𓋴𓈖𓆓𓅓𓇛𓏤𓄣𓏤,r snḏm jb,General Papyrus Texts,To induce calm and sweeten the air.,Mild sedative,5-HT2A Serotonin Receptor,6A93
Pine,Pinus halepensis,Pinaceae,Alpha-Pinene,CC1=CCC2CC1C2(C)C,𓂋𓏏𓅱𓂋𓈗𓆯𓅱𓃀𓈖𓅱𓐎,r twr wbnw,Ebers Papyrus,To dress wounds and purify the air.,Antiseptic,Acetylcholinesterase (AChE),4EY7
Radish,Raphanus sativus,Brassicaceae,Sulforaphane,CS(=O)CCCCN=C=S,𓊪𓄡𓂋𓏏𓏺𓈖𓏏𓋴𓂋𓅱𓐍𓐎𓃀𓄿𓎼𓇋𓇋𓀉,pẖrt nt srwḫ bꜣgj,General workers diet texts,To prevent exhaustion and illness.,Antimicrobial,Keap1,4IQK
Lettuce,Lactuca sativa,Asteraceae,Lactucin,CC1=C(CO)C(=O)OC2CC(C)(O)C3C(=C)C(=O)C=CC3C12,𓂋𓋴𓂋𓅱𓂧𓌗𓂤𓏥,r srwd mt,Min Festival Texts,To stimulate desire and fertility.,Mild analgesic,Adenosine A1 Receptor,6D9H
Fig,Ficus carica,Moraceae,Luteolin,O=C1C=C(c2ccc(O)c(O)c2)Oc3cc(O)cc(O)c13,𓂋𓂧𓂋𓀜𓍿𓏏𓐎𓅓𓂝𓅱𓏏𓄹𓏥,r dr ṯt m ꜥwt,Ebers Papyrus,To soften stiffness and soothe the bowels.,Laxative and digestive,Phosphodiesterase 4 (PDE4),1PTW
Mustard,Brassica nigra,Brassicaceae,Allyl Isothiocyanate,C=CCN=C=S,𓂋𓂧𓂋𓀜𓅓𓂋𓇋𓇋𓐎𓅓𓈙𓈖𓃀𓄹,r dr mry m šnb,Hearst Medical Papyrus,To apply heat to the chest and dispel cold.,Counter-irritant,TRPA1 (Irritant Receptor),6V9V
Desert Date,Balanites aegyptiaca,Zygophyllaceae,Diosgenin,CC1CCC2(C(C3C(O)CC4C3(CCC(C4)O)C)CC1)OC2,𓂋𓅱𓋴𓐍𓏏𓂷𓄡𓏏𓏺,r wsẖt ẖt,Ebers Papyrus,To purge the belly and heal skin ailments.,Anthelmintic,Estrogen Receptor Alpha,1ERE
Leek,Allium porrum,Amaryllidaceae,Kaempferol,O=C1C(=C(O)C=C(O)C1=O)C2=CC=C(O)C=C2,𓂋𓅱𓏏𓍕𓋴𓂋𓆑𓊮𓅓𓁹𓁹,r wt srf m jrty,Ebers Papyrus,To treat burns and clear the vision.,Antioxidant,Phosphoinositide 3-kinase (PI3K),1E7V
Grape,Vitis vinifera,Vitaceae,Resveratrol,C1=CC(=CC(=C1)C=CC2=CC(=CC(=C2)O)O)O,𓊪𓄡𓂋𓏏𓏺𓈖𓏏𓂧𓂋𓀜𓋴𓂋𓇋𓇋𓏏𓊡,pẖrt nt dr sryt,Ebers Papyrus,To treat asthma and serve as a base for medicines.,Antioxidant,SIRT1 (Sirtuin 1),4I5I
Marjoram,Origanum majorana,Lamiaceae,Terpinen-4-ol,CC1=CCC(C(C)(C)O)CC1,𓂋𓋴𓊵𓏏𓊪𓄡𓏏𓏺𓋴𓂋𓅱𓐍𓐎𓂧𓅓𓏏𓌗,r sḥtp ẖt srwḫ dmt,Ebers Papyrus,"To comfort the stomach and heal insect bites.",Antispasmodic,Acetylcholinesterase (AChE),4EY6
Rosemary,Rosmarinus officinalis,Lamiaceae,Rosmarinic Acid,O=C(O)C(OC(=O)C=Cc1ccc(O)c(O)c1)Cc2ccc(O)c(O)c2,𓂋𓏏𓅱𓂋𓈗𓆯𓊡𓅱,r twr ṯꜣw,Cleopatra Cosmetics Texts,"For purifying the air and strengthening memory.",Anti-inflammatory,5-Lipoxygenase (5-LOX),3V99
Tiger Nut,Cyperus esculentus,Cyperaceae,Oleic Acid,CCCCCCCC/C=C\CCCCCCCC(=O)O,𓂋𓋴𓈖𓆓𓅓𓇛𓏤𓂋𓏺𓋴𓂝𓈖𓐍𓋹𓎛𓂝𓄹𓏥,r snḏm rʾ sꜥnḫ ḥꜥw,Ebers Papyrus,"To sweeten the mouth and nourish the body.",Nutritional support,Fatty Acid Binding Protein (FABP),1LFO
Wormwood,Artemisia absinthium,Asteraceae,Thujone,CC1C2CC1(C)C(=O)C2(C)C,𓂋𓂧𓂋𓀜𓎛𓆑𓄿𓏏𓆙,r dr ḥfꜣt,Ebers Papyrus,"To expel worms and stimulate digestion.",Anthelmintic,GABA-A Receptor,6HUP
Christ's Thorn,Ziziphus spina-christi,Rhamnaceae,Rutin,CC1OC(OC2C(O)C(O)C(O)OC2OC3=C(O)C=C4C(=C3)OC(=CC4=O)C5=CC(=C(O)C=C5)O)C(O)C(O)C1O,𓊪𓄡𓂋𓏏𓏺𓈖𓏏𓋴𓂋𓅱𓐍𓐎𓅱𓃀𓈖𓅱𓐎,pẖrt nt srwḫ wbnw,Ebers Papyrus,"To heal ulcers and treat chest ailments.",Wound healing,Xanthine Oxidase,3NRZ
Moringa,Moringa oleifera,Moringaceae,Benzyl Isothiocyanate,C1=CC=C(C=C1)CN=C=S,𓂋𓏏𓅱𓂋𓈗𓆯𓈗,r twr mw,Edwin Smith Papyrus,"To purify water and soothe the skin.",Antimicrobial,Glutathione S-transferase (GST),18GS
Colocynth,Citrullus colocynthis,Cucurbitaceae,Cucurbitacin,CC1(C)C2CCC3(C)C(C2(C)CC(O)C1=O)CCC4C5(C)CC(O)C(OC(=O)C)C(C)(C)C5C(=O)C=C43,𓂋𓅱𓋴𓐍𓏏𓂷𓄡𓏏𓏺𓅓𓄿𓅱𓄫𓏤,r wsẖt ẖt m ꜣw,Ebers Papyrus,"To violently purge the bowels, expelling disease.",Strong laxative,Signal transducer and activator of transcription 3 (STAT3),6NJS
Caraway,Carum carvi,Apiaceae,Carvone,CC1=CC(=O)C(CC1)C(=C)C,𓂋𓂧𓂋𓀜𓊡𓅱𓅓𓄡𓏏𓏺,r dr ṯꜣw m ẖt,Ebers Papyrus,"To expel wind from the belly.",Digestive aid,Transient receptor potential cation channel subfamily M member 8 (TRPM8),6O9C
Galbanum,Ferula gummosa,Apiaceae,Umbelliferone,C1=CC(=CC2=C1C=CC(=O)O2)O,𓂋𓋴𓊵𓏏𓊪𓋴𓂋𓆑𓊮𓋴𓈖𓆓𓅓𓇛𓏤𓄟𓋴𓏏𓁓,r sḥtp srf snḏm mst,Ebers Papyrus,"To soothe inflammation and ease childbirth.",Anti-inflammatory,Carbonic Anhydrase II,1CA2
Rock Rose,Cistus incanus,Cistaceae,Linalool,CC(=CCCC(C)(C=C)O)C,𓊪𓄡𓂋𓏏𓏺𓈖𓏏𓂧𓂋𓀜𓋴𓂋𓇋𓇋𓏏𓊡,pẖrt nt dr sryt,Ptolemaic Trade Texts,"For fumigation and to treat coughs.",Expectorant,Acetylcholinesterase (AChE),4EY7
Mulberry,Morus nigra,Moraceae,Quercetin,O=C1C(=C(O)C=C(O)C1=O)C2=CC(=C(O)C=C2)O,𓂋𓋴𓈎𓃀𓃀𓏁𓋴𓈖𓆑𓂧,r sqbb snf,Hearst Papyrus,"To soothe the throat and cool the blood.",Antioxidant,"Phosphatidylinositol 3-kinase (PI3K)",4E0N
Parsley,Petroselinum crispum,Apiaceae,Myristicin,COC1=C(C2=C(C=C1CC=C)OCO2),𓂋𓋴𓐍𓂋𓀜𓈗𓏺,r sḫr mw,Ebers Papyrus,"To provoke urine and ease kidney stones.",Diuretic,Cytochrome P450 1A2 (CYP1A2),2HI4
Lentil,Lens culinaris,Fabaceae,Phytic Acid,C1(C(C(C(C(C1OP(=O)(O)O)OP(=O)(O)O)OP(=O)(O)O)OP(=O)(O)O)OP(=O)(O)O)OP(=O)(O)O,𓊪𓄡𓂋𓏏𓏺𓈖𓏏𓅱𓏏𓍕𓅱𓃀𓈖𓅱𓐎,pẖrt nt wt wbnw,Ebers Papyrus,"To make poultices for sores and wounds.",Skin poultice,Alpha-amylase,1SMD
Chickpea,Cicer arietinum,Fabaceae,Biochanin A,COC1=CC=C(C=C1)C2=COC3=C(C2=O)C(=CC(=C3)O)O,𓂋𓋴𓂝𓈖𓐍𓋹𓃀𓄿𓎼𓇋𓇋𓀉,r sꜥnḫ bꜣgj,Ebers Papyrus,"To increase vitality and nourish the weak.",Phytoestrogen,Estrogen Receptor Beta (ER-beta),1QKM
Alkanet,Alkanna tinctoria,Boraginaceae,Alkannin,CC(=CCCC(C)(O)C1=CC(=O)C2=C(C1=O)C=CC(=C2O)O)C,𓊪𓄡𓂋𓏏𓏺𓈖𓏏𓅱𓏏𓍕𓋴𓂋𓆑𓊮,pẖrt nt wt srf,Hearst Papyrus,"Used in burn salves and as a red dye.",Wound healing,DNA topoisomerase I,1T8I
Squirting Cucumber,Ecballium elaterium,Cucurbitaceae,Elaterin,CC1(C)C2CCC3(C)C(C2(C)CC(O)C1=O)CCC4C5(C)CC(O)C(OC(=O)C)C(C)(C)C5C(=O)C=C43,𓂋𓅱𓋴𓐍𓏏𓂷𓄡𓏏𓏺𓅓𓄿𓅱𓄫𓏤,r wsẖt ẖt m ꜣw,Ebers Papyrus,"To drastically purge the system.",Strong purgative,Signal transducer and activator of transcription 3 (STAT3),6NJS
Cucumber,Cucumis sativus,Cucurbitaceae,Cucurbitacin,CCC1(C)C2CCC3(C)C(C2(C)CC(O)C1=O)CCC4C5(C)CC(O)C(O)C(C)(C)C5C(=O)C=C43,𓂋𓋴𓈎𓃀𓃀𓏁𓆯,r sqbb jnm,Ebers Papyrus,"To cool the skin and reduce inflammation.",Topical soothing,Signal transducer and activator of transcription 3 (STAT3),6NJS
Lupine,Lupinus albus,Fabaceae,Sparteine,C1CC2CC3CC(C1)N2CC4CCCCN34,𓂋𓂧𓂋𓀜𓎛𓆑𓄿𓏏𓆙,r dr ḥfꜣt,Ebers Papyrus,"To treat skin conditions and expel worms.",Anthelmintic,Cytochrome P450 2D6 (CYP2D6),3TBG
Peach,Prunus persica,Rosaceae,Benzaldehyde,O=Cc1ccccc1,𓂋𓋴𓊵𓏏𓊪𓄡𓏏𓏺𓂧𓂋𓀜𓊡𓅱,r sḥtp ẖt dr ṯꜣw,Ebers Papyrus,"To ease stomach pains and expel gas.",Digestive aid,Tyrosinase,2Y9X
Melon,Cucumis melo,Cucurbitaceae,Beta-Carotene,CC1=C(C(CCC1)(C)C)C=CC(=CC=CC(=CC=CC=C(C)C=CC=C(C)C=CC2C(=CCCC2(C)C)C)C)C,𓂋𓋴𓈎𓃀𓃀𓏁𓄡𓏏𓏺,r sqbb ẖt,Ebers Papyrus,"To hydrate the body and soothe the bowels.",Nutritional hydration,Retinoic acid receptor gamma (RAR-gamma),2LBD
Pistachio,Pistacia vera,Anacardiaceae,Alpha-Pinene,CC1=CCC2CC1C2(C)C,𓂋𓋴𓈖𓆓𓅓𓇛𓏤𓂋𓏺,r snḏm rʾ,Ebers Papyrus,"To soothe the gums and sweeten the breath.",Oral health,Acetylcholinesterase (AChE),4EY6
Walnut,Juglans regia,Juglandaceae,Juglone,O=C1C=CC(=O)C2=C1C=CC=C2O,𓂋𓋴𓂋𓅱𓂧𓌗𓁶𓏤,r srwd tp,Ptolemaic Texts,"For strengthening the head and curing rashes.",Antimicrobial,Peptidyl-prolyl cis-trans isomerase NIMA-interacting 1 (Pin1),2Q5A
Nutgrass,Cyperus rotundus,Cyperaceae,Cyperene,CC12CCCC(C)(C)C1CCC(C)=C2,𓂋𓂧𓂋𓀜𓅱𓐍𓂧𓅱𓐎𓅓𓄡𓏏𓏺,r dr wḫdw m ẖt,Ebers Papyrus,"To expel demons of the belly and soothe fever.",Digestive aid,Acetylcholinesterase (AChE),4EY7
Broad Bean,Vicia faba,Fabaceae,L-DOPA,NC(Cc1ccc(O)c(O)c1)C(=O)O,𓂋𓋴𓂋𓅱𓂧𓌗ꜥ𓅱𓏏𓄹𓏥𓋴ꜥ𓈖𓐍𓋹𓃀𓄿𓎼𓇋𓇋𓀉,r srwd ꜥwt sꜥnḫ bꜣgj,Ebers Papyrus,"To give strength to the limbs and nourish the weak.",Neurological support,DOPA decarboxylase (DDC),1JS3
Beet,Beta vulgaris,Amaranthaceae,Betaine,C[N+](C)(C)CC(=O)[O-],𓊪𓄡𓂋𓏏𓏺𓈖𓏏𓈞𓏏,pẖrt nt ḥmt,Ebers Papyrus,"To enrich the blood and heal diseases of women.",Cardiovascular,Betaine--homocysteine S-methyltransferase (BHMT),1UMY
Sweet Flag,Acorus calamus,Acoraceae,Asarone,COC1=CC(=C(C=C1OC)C=CC)OC,𓂋𓎡𓄿𓊪𓊮𓂋𓃹𓃀𓄿𓉿𓂋𓏏𓂤,r kꜣp r wbꜣ mt,Ebers Papyrus,"For fumigation and to open the airways.",Expectorant,GABA-A Receptor,6HUP
Cassia,Cinnamomum cassia,Lauraceae,Cinnamaldehyde,O=CC=Cc1ccccc1,𓂋𓅱𓏏𓍕𓏏𓅱𓂋𓈗𓆯𓎛ꜥ𓄹𓏥,r wt twr ḥꜥw,Edwin Smith Papyrus,"To wrap the dead and purify the flesh.",Antimicrobial,Transient receptor potential cation channel subfamily A member 1 (TRPA1),3J9P
Nettle,Urtica dioica,Urticaceae,Histamine,C1=C(NC=N1)CCN,𓂋𓋴ꜥ𓈖𓐍𓋹𓂤𓏥𓅓ꜥ𓅱𓏏𓄹𓏥,r sꜥnḫ mt m ꜥwt,Ebers Papyrus,"To sting the limbs to bring back feeling.",Circulation,Histamine H1 receptor,3RZE
Myrtle,Myrtus communis,Myrtaceae,Eucalyptol,CC12CCC(CC1)(OC2(C)C)C,𓊪𓄡𓂋𓏏𓏺𓈖𓏏𓇋𓂧𓏏𓄹𓋴𓈖𓆓𓅓𓇛𓏤𓄡𓏏𓏺,pẖrt nt jdt snḏm ẖt,Kahun Papyrus,"To treat the womb and scent the body.",Antiseptic,Transient receptor potential cation channel subfamily M member 8 (TRPM8),6O9C
Ivy,Hedera helix,Araliaceae,Hederagenin,CC1(C)C2CCC3(C)C(C2(C)CC(O)C1)CCC4C5(C)CCC(O)(C(=O)O)C(C)(C)C5CCC43C,𓂋𓅱𓏏𓍕𓅱𓃀𓈖𓅱𓐎𓂧𓂋𓀜𓅓𓏏𓅱𓏏𓐎,r wt wbnw dr mtwt,Ebers Papyrus,"To bind wounds and expel poison.",Anti-inflammatory,Acetylcholinesterase (AChE),4EY6
Bryony,Bryonia dioica,Cucurbitaceae,Cucurbitacin,CC1(C)C2CCC3(C)C(C2(C)CC(O)C1=O)CCC4C5(C)CC(O)C(O)C(C)(C)C5C(=O)C=C43,𓂋𓅱𓋴𓐍𓏏𓂷𓄡𓏏𓏺𓈖𓏏𓅓𓂋𓅪,r wsẖt ẖt nt mr,Hearst Papyrus,"To purge the belly of the sick completely.",Purgative,Signal transducer and activator of transcription 3 (STAT3),6NJS
Endive,Cichorium endivia,Asteraceae,Chicoric Acid,O=C(O)C(OC(=O)C=Cc1ccc(O)c(O)c1)C(OC(=O)C=Cc2ccc(O)c(O)c2)C(=O)O,𓂋𓋴𓈎𓃀𓃀𓏁𓅓𓋴𓏏𓄹𓏏𓅱𓂋𓈗𓆯𓋴𓈖𓆑𓂧,r sqbb mjst twr snf,Ebers Papyrus,"To cool the liver and cleanse the blood.",Hepatic support,HIV-1 Integrase,1QS4
Madder,Rubia tinctorum,Rubiaceae,Alizarin,O=C1c2ccccc2C(=O)c3c1ccc(O)c3O,𓂋𓋴𓂋𓅱𓐍𓐎𓅱𓃀𓈖𓅱𓐎,r srwḫ wbnw,Ebers Papyrus,"To color the salve red and heal sores.",Wound healing,Cytochrome P450 1A1 (CYP1A1),4I8V
Persea,Mimusops laurifolia,Sapotaceae,Quercetin,O=C1C(=C(O)C=C(O)C1=O)C2=CC(=C(O)C=C2)O,𓊪𓄡𓂋𓏏𓏺𓈖𓏏𓅱𓏏𓍕𓁶𓏤𓋴𓊵𓏏𓊪𓄣𓏤,pẖrt nt wt tp sḥtp jb,Ebers Papyrus,"To dress wounds of the head and soothe the mind.",Antioxidant,"Phosphatidylinositol 4,5-bisphosphate 3-kinase (PI3K)",4E0N
Balm of Gilead,Commiphora gileadensis,Burseraceae,Alpha-Pinene,CC1=CCC2CC1C2(C)C,𓂋𓅨𓂋𓎛𓏌𓏥𓆯𓋴𓂋𓅱𓐍𓐎𓅱𓃀𓈖𓅱𓐎,r wrḥ jnm srwḫ wbnw,Ebers Papyrus,"To anoint the skin and heal all sores.",Anti-inflammatory,Acetylcholinesterase (AChE),4EY6
Mastic,Pistacia lentiscus,Anacardiaceae,Alpha-Pinene,CC1=CCC2CC1C2(C)C,𓂋𓋴𓈖𓆓𓅓𓇛𓏤𓂋𓏺𓋴𓂋𓅱𓂧𓌗𓄑𓆑,r snḏm rʾ srwd jbḥ,Ebers Papyrus,"To make the breath sweet and protect the teeth.",Oral care,Acetylcholinesterase (AChE),4EY6
Cabbage,Brassica oleracea,Brassicaceae,Sulforaphane,CS(=O)CCCCN=C=S,𓂋𓂧𓂋𓀜𓅓𓏏𓅱𓏏𓐎𓅓𓎛ꜥ𓄹𓏥,r dr mtwt m ḥꜥw,Hearst Papyrus,"To expel the poison of a bite from the flesh.",Detoxifying,Kelch-like ECH-associated protein 1 (Keap1),4IQK
Bay Laurel,Laurus nobilis,Lauraceae,Eucalyptol,CC12CCC(CC1)(OC2(C)C)C,𓂋𓏏𓅱𓂋𓈗𓆯𓊡𓅱,r twr ṯꜣw,Ptolemaic Texts,"For cleansing the air of the sick room.",Antimicrobial,Transient receptor potential cation channel subfamily M member 8 (TRPM8),6O9C
Valerian,Valeriana officinalis,Caprifoliaceae,Valerenic Acid,CC1=C(C(O)=O)C(C)=C(CC2)C1C(C)(C)CC2,𓂋𓋴𓆓𓂋𓁀𓅓𓈎𓂧𓁀,r sḏr m qed,Ebers Papyrus,"To bring sleep to those who cannot rest.",Sedative,GABA-A Receptor,6HUP
Spearmint,Mentha spicata,Lamiaceae,Carvone,CC1=CC(=O)C(CC1)C(=C)C,𓂋𓋴𓊵𓏏𓊪𓈎𓋴𓇋𓇋𓄿𓂧,r sḥtp qsj,Ebers Papyrus,"To settle the vomiting stomach.",Digestive aid,Transient receptor potential cation channel subfamily M member 8 (TRPM8),6O9C
Hazelnut,Corylus avellana,Betulaceae,Oleic Acid,CCCCCCCC/C=C\CCCCCCCC(=O)O,𓊪𓄡𓂋𓏏𓏺𓈖𓏏𓂧𓂋𓀜𓋴𓂋𓇋𓇋𓏏𓊡𓅓𓆤𓏏𓏺,pẖrt nt dr sryt m bjt,Ebers Papyrus,"To mix with honey for coughing.",Emollient,Fatty Acid Binding Protein (FABP),1LFO
Cardamom,Elettaria cardamomum,Zingiberaceae,Terpinyl Acetate,CC1=CCC(CC1)C(C)(C)OC(=O)C,𓂋𓂧𓂋𓀜𓋴𓂋𓇋𓇋𓏏𓊡,r dr sryt,Trade Texts,"To clear the throat of thick phlegm.",Expectorant,Acetylcholinesterase (AChE),4EY7
Tamarind,Tamarindus indica,Fabaceae,Tartaric Acid,OC(C(=O)O)C(O)C(=O)O,𓂋𓋴𓈎𓃀𓃀𓏁𓋴𓂋𓆑𓊮𓈖𓋴𓈖𓆑𓂧,r sqbb srf n snf,Ebers Papyrus,"To cool the fevers of the blood.",Antipyretic,Alpha-amylase,1SMD
Celery,Apium graveolens,Apiaceae,Apigenin,O=C1C=C(c2ccc(O)cc2)Oc3cc(O)cc(O)c13,𓂋𓋴𓊵𓏏𓊪𓂝𓅱𓏏𓄹𓏥,r sḥtp ꜥwt,Medical Papyrus of Brooklyn,To soothe the joints and calm the spirit.,Anti-inflammatory,Phospholipase A2 (PLA2),1N29
Fennel,Foeniculum vulgare,Apiaceae,Anethole,COc1ccc(cc1)CC=C,𓊪𓄡𓂋𓏏𓏺𓈖𓏏𓆑𓂋𓁹𓁹,pẖrt nt nfr jrty,Ebers Papyrus (Recipe 265),To strengthen the eyes and clear the vision.,Anti-inflammatory,Phospholipase A2 (PLA2),1N29
Black Seed,Nigella sativa,Ranunculaceae,Thymoquinone,CC1=CC(=O)C(=C(C1=O)C)C(C)C,𓊪𓄡𓂋𓏏𓏺𓈖𓏏𓂧𓂋𓀜𓋴𓂋𓇋𓇋𓏏𓊡,pẖrt nt dr sryt,Ebers Papyrus,For respiratory distress and stomach pain.,Anti-inflammatory,Phospholipase A2 (PLA2),1N29
Emmer Wheat,Triticum dicoccum,Poaceae,Ferulic Acid,COc1cc(C=CC(=O)O)ccc1O,𓊪𓄡𓂋𓏏𓏺𓈖𓏏𓅱𓏏𓍕𓋴𓂋𓆑𓊮,pẖrt nt wt srf,Ebers Papyrus,"To dress wounds, mold pastes, and soothe burns.",Wound poultice,Phospholipase A2 (PLA2),1N29
Reed,Phragmites australis,Poaceae,p-Coumaric Acid,Oc1ccc(C=CC(=O)O)cc1,𓊪𓄡𓂋𓏏𓏺𓈖𓏏𓅱𓏏𓍕𓈎𓋴𓅱𓄹𓏥,pẖrt nt wt qsw,Ebers Papyrus,To bind splints and treat fractures.,Minor anti-inflammatory,Phospholipase A2 (PLA2),1N29
Basil,Ocimum basilicum,Lamiaceae,Eugenol,COC1=C(O)C=CC(CC=C)=C1,𓂋𓋴𓂋𓅱𓂧𓌗𓄣𓏤,r srwd jb,Hearst Papyrus,To strengthen the heart and clear the head.,Antimicrobial and analgesic,Phospholipase A2 (PLA2),1N29
Sesame,Sesamum indicum,Pedaliaceae,Sesamin,C1C2C(C3C1OC4=C(O3)C=C5C(=C4)OCO5)OC6=C(O2)C=C7C(=C6)OCO7,𓂋𓂧𓂋𓀜𓍿𓏏𓐎𓅓ꜥ𓅱𓏏𓄹𓏥,r dr ṯt m ꜥwt,Ebers Papyrus,To treat stiff limbs and soothe burns.,Anti-inflammatory,Phospholipase A2 (PLA2),1N29
Chamomile,Matricaria chamomilla,Asteraceae,Bisabolol,CC1=CCC(C(C)(O)C2CCC(=C)CC2)CC1,𓂋𓋴𓊵𓏏𓊪𓄣𓏤𓂧𓂋𓀜𓋴𓂋𓆑𓊮,r sḥtp jb dr srf,Ebers Papyrus,To calm the spirit and reduce fevers.,Mild sedative,Phospholipase A2 (PLA2),1N29
Caper,Capparis spinosa,Capparaceae,Kaempferol,O=C1C(=C(O)C=C(O)C1=O)C2=CC=C(O)C=C2,𓂋𓂧𓂋𓀜𓅱𓐍𓂧𓅱𓐎𓅓𓂝𓅱𓏏𓄹𓏥,r dr wḫdw m ꜥwt,Ebers Papyrus,To expel joint pain and clean wounds.,Anti-inflammatory,Phospholipase A2 (PLA2),1N29
Purslane,Portulaca oleracea,Portulacaceae,Alpha-Linolenic Acid,CCC=CCC=CCC=CCCCCCCCC(=O)O,𓂋𓋴𓈎𓃀𓃀𓏁𓄡𓏏𓏺,r sqbb ẖt,Hearst Papyrus,To cool the heat of the stomach and flush the blood.,Anti-inflammatory,Phospholipase A2 (PLA2),1N29
Galangal,Alpinia galanga,Zingiberaceae,Galangin,O=C1C(=C(O)C=C(O)C1=O)C2=CC=CC=C2,𓂋𓋴𓈙𓅓𓅓𓊮ꜥ𓅱𓏏𓄹𓏥,r sšmm ꜥwt,Ptolemaic Texts,To warm the cold joints in winter.,Anti-inflammatory,Phospholipase A2 (PLA2),1N29
